Countries_fintechs,CB_Ranking,Country,Year,oneA,oneB,oneC,twoA,twoB,twoC,twoD,twoE,threeA,threeB,threeC,threeD,fourA,fourB,fiveA,fiveB,sixA
4,229,Argentina,2018,2.44756031,2.805119514,4.061309035,3.430802107,4.195682945,3.930330992,4.613002296,57.31051129,2.805119514,4.085398197,3.137428301,4.657785416,78.05015028,139.8146002,3.377249956,5.170745958,7.217000008
32,300,Brazil,2018,2.459301233,3.302392721,4.566282764,3.238513947,4.296651368,4.089988708,4.598993571,49.32092896,3.302392721,4.691751003,2.703920625,5.729115009,90.23684642,112.9965568,3.782591581,5.196035692,7.19299984
1,424,Chile,2018,3.504281521,4.101409435,3.883188925,3.885442019,3.263581607,3.997062206,4.922817731,59.53757393,4.101409435,5.646328449,3.370470834,6.333855152,88.24767543,127.4632858,3.518594265,5.021656208,6.65899992
7,175,Colombia,2018,2.886228561,3.680098295,3.975810731,3.878222704,4.121078278,3.735612392,5.138438224,62.33083988,3.680098295,4.784922123,3.613747901,5.579167843,48.79995492,126.8138818,3.503555298,5.061698494,9.739999771
6,176,Mexico,2018,3.152481079,3.589537144,4.556805912,3.626324892,4.125878314,4.043954372,4.907666515,35.62395537,3.589537144,4.97330761,3.131882651,5.523331165,63.6137953,88.51342699,3.480605602,5.331115951,4.887000084
1,316,Bolivia,2018,2.150269985,3.869697094,4.496597935,3.345480442,8.6,5.479362038,5.810133634,39.6975146,3.869697094,3.641764636,2.110430756,5.172403812,42.75005136,124.4824562,5.514688293,5.670127314,3.257999897
2,153,Ecuador,2018,2.353610039,3.398379087,4.410720334,3.717029095,8.68422,5.231868091,5.6683626,54.06292473,3.398379087,3.817945633,2.485291427,5.254245758,56.90387592,141.149951,4.82028461,5.415653954,3.910000086
0,500,Guyana,2018,2.549379796,4.268880445,4.039975899,3.341147559,3.46311452,4.485050442,4.283969198,33.62109834,4.188910951,3.974246621,2.626888197,5.187759864,24.07424296,93.4345792,3.726483198,4.3528165,12.15100002
0,1000,Paraguay,2018,2.890069008,3.699940205,4.750955498,3.292025566,9.11177,5.45040398,6.095396465,45.46174069,3.699940205,4.013752463,2.895138046,5.44839716,59.58467343,120.8800834,5.224120819,5.775361801,4.711999893
2,320,Peru,2018,2.727604628,3.734702826,4.624081557,3.080753803,8.42123,5.24283012,5.71957075,53.4,3.734702826,3.975202515,2.887100421,5.266777515,59.40991264,131.9697363,5.57698785,6.006790301,2.844000101
0,1000,Suriname,2018,2.549379796,4.07047475,4.086655695,3.341147559,3.46311452,4.335354364,4.249489199,33.62109834,4.029481563,4.097761765,2.771538186,5.187759864,20.84294803,95.87176029,3.6962565,4.404442886,7.631000042
0,1000,Uruguay,2018,2.704116344,3.731147051,4.578692861,3.313378572,8.6687,5.386102579,5.814006411,66.4,3.731147051,4.017551935,2.8674542,5.559541225,74.66430012,148.2626332,5.327926352,5.877961902,7.960999966
0,1000,Venezuela,2018,2.311911821,3.364108086,3.988957169,3.253407717,10.07703,5.38215419,5.377406346,60,3.364108086,2.794356671,1.960111596,3.633823156,68.58584432,145.5749307,6.533621015,6.487303552,8.364999771
7,121,Argentina,2017,2.252349138,2.713680029,4.452250538,3.494022608,5.233019581,4.01982975,4.183869318,53.49386062,2.713680029,4.018398762,2.626424038,4.567586422,78.05015028,145.3305063,3.291656494,5.138627152,7.099999905
41,217,Brazil,2017,2.470041513,3.412297249,4.898161365,3.173893929,5.628160555,4.071002007,4.861410921,60.27350721,3.412297249,4.777512074,3.124523575,5.701686382,88.46692917,117.5362334,3.96149826,5.436912431,6.985000134
6,196,Chile,2017,3.34817338,4.010156155,4.77375926,3.772456408,4.564846202,3.998736858,4.883359324,37.96844848,4.010156155,5.585391521,3.35054018,6.407958031,72.10828803,130.1112399,3.192220926,5.136859458,6.214000225
4,143,Colombia,2017,2.813297749,3.746092796,4.261622278,3.979558945,4.65334725,3.884939194,4.829644091,63.89080454,3.746092796,4.755524635,3.47172273,5.624046326,46.87050051,120.6182941,3.519027948,5.036575722,9.052000046
16,112,Mexico,2017,3.051112175,3.561781406,4.192928389,3.676470518,3.608966914,4.127756596,5.167262089,63.93899417,3.561781406,4.835584164,3.756210358,5.380687714,58.86213816,87.60369095,3.460373402,4.722717517,4.914000034
0,1000,Bolivia,2017,2.679754257,3.945406013,4.939039532,3.146944175,3.275345551,3.894052346,3.446277179,45.1,3.907979097,5.005927014,4.474999905,5.867789391,33.84715455,92.1838516,3.133296785,4.01853415,3.23300004
0,1000,Ecuador,2017,2.229102584,3.219236135,4.121828306,3.922506009,4.223507615,4.400626536,3.596688991,48.94043379,3.219236135,4.155761782,3.141304255,5.049441223,35.08798485,79.42927053,3.755903029,4.328002491,3.835999966
0,1000,Guyana,2017,2.549379796,4.267300211,4.040347688,3.341147559,3.46311452,4.483858164,4.283694577,33.62109834,4.187641151,3.975230377,2.628040285,5.187759864,24.04850681,93.45399051,3.726242453,4.353227686,12.11499977
0,1000,Paraguay,2017,2.599223695,3.732484341,4.903494931,2.647864908,3.116054847,3.873205588,4.048722415,44.38159692,3.732484341,4.810649793,4.379746914,5.297692979,39.23275636,105.3895511,3.00137358,3.963803503,4.614999771
4,314,Peru,2017,3.221482763,3.764918089,4.634749981,3.239742665,3.828168732,4.304792716,4.690455223,40.9,3.764918089,4.768599725,4.430232525,5.690743413,36.71202365,109.8669058,4.2796322,4.752937774,3.460000038
0,1000,Suriname,2017,2.549379796,4.069070105,4.086986173,3.341147559,3.46311452,4.334294567,4.249245093,33.62109834,4.028352857,4.09863621,2.772562259,5.187759864,20.82007156,95.88901471,3.696042505,4.404808383,7.598999977
0,1000,Uruguay,2017,2.829459259,3.691534996,5.002875392,3.947927803,5.446788895,4.995177523,4.933911746,64.6,3.691534996,5.018967047,4.275862217,5.798427572,77.71047613,160.2096445,3.09856535,3.788486953,7.889999866
0,1000,Venezuela,2017,2.343340641,3.578998327,4.000005443,3.491267004,3.558220731,3.159806765,2.477433305,61.86924809,3.578998327,3.95596642,3.884057999,4.308224138,42.97443219,92.97221122,4.484778991,4.757510961,7.421999931
6,117,Argentina,2016,2.009052196,3.054536909,2.923875484,3.073639069,4.127524014,3.72836431,2.994854374,64.7,3.054536909,2.923875484,1.728854905,4.533789253,53.63235404,158.735762,4.962193157,5.107327801,7.268000126
37,237,Brazil,2016,2.510983548,5.22370364,4.985450284,2.442969032,3.62519391,4.469284327,4.594665515,57.6,5.22370364,4.985450284,2.668874993,5.768729904,78.13922848,138.9514906,5.839023014,5.609064196,6.670000076
2,41,Chile,2016,3.301209052,5.544986015,4.866945422,3.375640813,4.755929603,5.594440768,5.227738309,72.35,5.544986015,4.866945422,3.666035656,6.297118978,50.46690543,133.2556288,4.386738288,5.060326282,6.664999962
4,52,Colombia,2016,2.716589105,4.761795647,3.6071985,3.144919264,4.111290729,4.487097907,4.595816946,52.57,4.761795647,3.6071985,2.766149865,5.818670821,45.06123335,113.0820753,4.723845611,4.894021857,8.57199955
8,175,Mexico,2016,2.772947482,4.338182889,3.729689581,2.849211762,3.878442307,4.954325776,5.07676387,44.39,4.338182889,3.729689581,2.417474335,5.484383653,37.48665935,82.54324957,5.543236888,5.97082878,4.809000015
0,1000,Bolivia,2016,3.122354364,3.736793711,3.845037446,3.128379309,3.495095237,3.801212184,3.504417197,39.02,3.736793711,3.845037446,3.601798996,4.79807895,28.13402959,96.33724828,3.163527595,4.157891834,3.055999994
1,1000,Ecuador,2016,2.333333254,3.998274951,4.164930998,3.955273449,4.116071224,4.517241478,3.678260803,43,3.998274951,4.164930998,3.406203534,5.139130592,30.87164246,103.8991648,3.842235566,4.490766068,4.597000122
0,1000,Guyana,2016,3.262738919,4.074645942,4.120983877,4.159956529,4.109866451,4.464615765,4.006501854,37.35,4.074645942,4.120983877,3.32506602,4.774001698,0.2488561947,70.53891053,1.597455975,2.791243199,12.3380003
0,1000,Paraguay,2016,2.488257623,3.674101185,4.25116578,2.527424595,2.917228486,4.008251754,4.106433046,43,3.674101185,4.25116578,2.952642326,5.499682848,4.175145669,105.604533,3.10236961,3.992960953,5.255000114
4,95,Peru,2016,3.076404163,4.126655173,4.721451107,3.136036678,3.711571046,4.473190877,4.863246487,40.2,4.126655173,4.721451107,3.218750102,5.723407026,13.65006822,102.9158073,4.336166821,4.77133727,3.535000086
0,1000,Suriname,2016,2.549379796,4.055462638,4.090187662,3.341147559,3.46311452,4.324027802,4.246880314,33.62109834,4.017418543,4.10710738,2.782482942,5.187759864,20.59845624,96.05616648,3.693969436,4.40834913,7.289000034
2,25,Uruguay,2016,2.704821549,4.120030471,4.247182876,3.985368195,5.681225468,4.776237665,5.01263046,61.46,4.120030471,4.247182876,2.833768164,5.59995957,59.83893265,160.7951457,3.195189248,3.839414691,7.84100008
0,1000,Venezuela,2016,2.279122072,3.919036896,3.649086472,3.329287995,3.484104017,3.327735058,2.685042683,57,3.919036896,3.649086472,2.306251022,4.399961793,43.85329352,98.95200348,4.502211424,5.309419671,7.460000038
1,558,Argentina,2015,1.779793032,3.054536909,2.923875484,2.983357393,4.119794328,3.829136129,3.093156151,59.9,3.054536909,2.923875484,1.728854905,4.574790452,16.20209513,159.0254543,4.890595868,5.207110718,7.643000126
30,296,Brazil,2015,2.571748382,5.22370364,4.985450284,2.720419415,3.621748663,4.711750371,4.938651445,51.6,5.22370364,4.985450284,2.668874993,6.09283955,51.46066,135.3050481,5.682785835,5.592691869,8.437000275
3,77,Chile,2015,3.311446838,5.544986015,4.866945422,3.69163698,5.051790948,5.716814724,5.297937176,66.5,5.544986015,4.866945422,3.666035656,6.306848818,35.58745128,134.2782809,4.337051085,5.007424174,6.507999897
5,199,Colombia,2015,2.568209587,4.761795647,3.6071985,3.40590798,4.014355754,4.52517037,4.761543161,51.7,4.761795647,3.6071985,2.766149865,5.787238809,7.87238285,104.0845439,4.642974356,4.894094934,8.298999786
5,161,Mexico,2015,2.521288309,4.338182889,3.729689581,2.814058903,3.716584216,4.910559546,5.108003639,43.46,4.338182889,3.729689581,2.417474335,5.645203261,6.269951149,85.83640136,5.490852318,5.971430684,4.313000202
0,1000,Bolivia,2015,3.357822488,3.736793711,3.845037446,3.245697113,3.610870775,3.759841371,3.608183969,39.5,3.736793711,3.845037446,3.601798996,3.972895642,13.88043519,97.69945273,3.123643119,4.166431705,3.065999985
0,50,Ecuador,2015,2.549379796,3.894236058,4.128120162,3.341147559,3.46311452,4.202383176,4.2188615,33.62109834,3.887864525,4.207477101,2.900027062,5.187759864,17.97267157,98.03664578,3.669406899,4.450301281,3.615999937
0,1000,Guyana,2015,3.260736113,4.074645942,4.120983877,4.289454422,4.24736655,4.699266916,4.195661633,33,4.074645942,4.120983877,3.32506602,4.774456309,13.38609284,69.41295352,1.832575042,3.100142258,12.55200005
0,1000,Paraguay,2015,2.201439011,3.674101185,4.25116578,2.644851625,2.882191884,3.978113681,4.212644912,36.9,3.674101185,4.25116578,2.952642326,5.593764595,4.758820369,103.6893284,3.097808566,3.856248775,4.556000233
0,1000,Peru,2015,2.854274514,4.126655173,4.721451107,3.165599417,3.654646835,4.629280101,5.079232472,39.2,4.126655173,4.721451107,3.218750102,5.797368491,2.906493741,98.08298127,4.35525601,4.825404437,3
0,1000,Suriname,2015,2.027642242,3.649652304,3.689441331,3.365467351,2.748833495,4.185320319,3.785768453,37.4,3.649652304,3.689441331,2.354835078,5.148589774,14.96611111,127.3188497,1.737826859,3.092704119,7.21999979
1,259,Uruguay,2015,2.608302288,4.120030471,4.247182876,4.034413942,6.047424657,4.594590378,5.138934973,58.1,4.120030471,4.247182876,2.833768164,5.417516754,31.94071252,154.618466,3.15178923,3.754130417,7.487999916
0,1000,Venezuela,2015,2.072261409,3.919036896,3.649086472,3.322324046,3.492784209,3.750190928,2.919829227,54.9,3.919036896,3.649086472,2.306251022,4.490073904,3.733551296,101.614434,4.424928708,4.939992696,6.820000172
3,105,Argentina,2014,1.745999175,3.126619729,2.922947984,3.197744879,4.035263265,3.973980394,3.122705429,55.8,3.126619729,2.922947984,1.672877443,4.39137483,12.40327278,142.5117584,4.870111305,5.207463963,8.015999794
27,218,Brazil,2014,2.72324857,5.288585761,4.459101715,2.978993122,3.600096438,5.054831311,5.1458807,49.84799936,5.288585761,4.459101715,2.881247836,6.281253966,36.63486617,125.1878012,5.683675591,5.559712721,11.60900021
5,88,Chile,2014,3.270340788,5.61234385,5.025258813,3.617812475,4.852955675,5.803260338,5.186963963,61.41815456,5.61234385,5.025258813,3.644180575,6.310037525,27.95783258,138.4977192,4.311600164,5.026250404,6.737999916
2,89,Colombia,2014,2.576550649,4.86118018,3.774997627,3.481698063,3.920179798,4.507047927,4.621111037,48.9843188,4.86118018,3.774997627,2.788922043,5.871341002,4.946956836,103.1874415,4.623057049,4.918602221,8.692000389
10,94,Mexico,2014,2.575992014,4.583254521,3.981304018,2.988050964,3.763353814,5.106569344,5.253376408,38.42,4.583254521,3.981304018,2.522597213,5.801937023,9.724259396,86.77462037,5.485576244,5.98508902,3.858999968
0,1000,Bolivia,2014,3.243054186,3.84678817,3.737810318,3.470720765,3.528849142,3.795138077,3.588605375,34.18843423,3.84678817,3.737810318,3.757203852,4.02945049,6.713448286,92.63840839,3.052343284,4.144395101,2.006999969
0,1000,Ecuador,2014,3.219439017,3.998274951,4.164930998,4.006147732,4.018119129,4.604227337,3.986149216,35.13450622,3.998274951,4.164930998,3.406203534,4.666540902,22.20304666,110.7080686,3.824967121,4.560055364,3.480000019
0,1000,Guyana,2014,3.177994772,4.184133985,4.458275892,4.272258757,4.116583935,4.896927204,4.260690627,34.30804622,4.184133985,4.458275892,3.205817989,5.199332931,16.04030474,72.20570125,1.780457045,3.027103482,12.36699963
0,1000,Paraguay,2014,2.370381922,4.022533478,4.34567342,2.675553943,2.588195461,4.139453588,4.096444041,27.0758,4.022533478,4.34567342,2.946806383,5.633911438,5.480519585,101.6573537,2.991878197,3.928130669,5.03399992
1,30,Peru,2014,2.904121525,4.284115481,4.943088233,3.257209163,3.706299497,4.637388862,5.150254189,38.2,4.284115481,4.943088233,3.483604041,5.83937257,2.776312462,98.83717634,4.317457007,4.869000385,2.961999893
0,1000,Suriname,2014,2.024342075,3.801820599,3.792278718,3.478613232,2.578077209,4.277043014,3.890837874,34.6812,3.801820599,3.792278718,2.35449924,5.388255689,12.15852311,182.8988627,1.560931946,3.101409015,6.940000057
0,1000,Uruguay,2014,2.538031516,4.24105185,4.088061882,4.006089561,5.935129603,4.549249826,5.207328464,55.1146,4.24105185,4.088061882,2.673185333,5.387236996,31.97673664,147.2966255,3.108621675,3.806809356,6.546999931
0,1000,Venezuela,2014,2.122125142,3.810917894,3.661642339,3.32040558,3.404508445,4.136559003,3.311576784,44.0456,3.810917894,3.661642339,2.337424781,4.70654811,4.749819459,102.1000817,4.421691772,4.999906161,6.949999809
1,13,Argentina,2013,1.822370432,3.436614973,3.092524162,3.364864946,3.705929784,4.338348162,3.59018027,47.704,3.436614973,3.092524162,1.686165162,4.54049327,11.71360585,134.9211144,4.872717787,5.141037953,8.347000122
12,171,Brazil,2013,2.821424012,5.53710316,4.294618807,2.968219649,3.672140847,5.319828744,5.15782913,45,5.53710316,4.294618807,3.114132729,6.205173873,20.90686841,123.1758591,5.687965892,5.470929702,12.82699966
1,149,Chile,2013,3.207263735,5.816137014,5.189394729,3.35903381,4.699903455,5.943542853,5.113883549,53.8938,5.816137014,5.189394729,3.74445588,6.352929986,17.1370029,129.7080782,4.274405408,4.932466757,6.958000183
1,117,Colombia,2013,2.818330261,4.655111813,3.891182774,3.554312562,4.019944289,4.628721663,4.556607078,40.4,4.655111813,3.891182774,3.088770797,5.652708436,3.68217955,98.45142015,4.604605571,4.788666415,8.871999741
3,42,Mexico,2013,2.622914218,4.740545498,4.145192037,3.224360591,3.838049588,5.26363913,5.299890453,36.15,4.740545498,4.145192037,2.632654879,5.766220661,4.609145403,82.37873746,5.475068063,5.881602434,3.420000076
0,1000,Bolivia,2013,3.279973679,3.549890249,3.549281609,3.383853481,3.44110613,3.644960442,3.58137135,30,3.549890249,3.549281609,3.571787789,3.917488166,1.865295257,82.80316785,3.06443305,3.787236046,2.394000053
0,1000,Ecuador,2013,2.611125,3.719372,4.093953,3.51919925,3.48201,4.493404,3.82749,31.4,3.719372,4.093953,2.803195,4.635514,10.31706891,104.5455987,3.740315127,4.377396835,3.082999945
0,1000,Guyana,2013,2.820701375,4.067617459,4.582829118,4.018600336,3.611611234,4.959237432,4.131994461,32,4.067617459,4.582829118,2.691276906,5.651551867,12.21615317,68.61502037,1.789105043,2.738434012,12.28299999
0,1000,Paraguay,2013,2.559904643,4.546641146,4.564940516,2.578487941,2.361943057,4.51821327,3.959957339,23.9,4.546641146,4.564940516,3.242393716,5.682346854,4.476553258,99.40262991,2.982521552,3.49582265,4.385000229
0,1000,Peru,2013,2.930084211,4.620413449,5.026326282,3.189505308,3.669948009,4.863956456,5.045005606,36.5,4.620413449,5.026326282,3.63621596,6.02972369,1.382665069,110.4136635,4.268375834,4.784121216,3.236999989
0,1000,Suriname,2013,2.000493589,3.43448082,3.662969823,3.508113408,2.545178163,4.272594797,3.674724634,32,3.43448082,3.662969823,2.363728994,5.571853411,7.649196251,178.8753331,1.402842385,2.744389067,6.599999905
1,67,Uruguay,2013,2.489117512,4.30512102,4.057017616,4.110632909,6.00133155,4.751544903,5.351602043,51.4,4.30512102,4.057017616,2.616744818,5.633521761,9.008854417,140.7518858,3.092246653,3.566347378,6.443999767
0,1000,Venezuela,2013,2.192624646,3.525665107,3.667320329,3.310467032,3.397664671,4.478888504,3.708041004,40.22,3.525665107,3.667320329,2.510111646,4.633516382,4.18516344,97.77526778,4.360308028,4.928671213,7.539999962
1,163,Argentina,2012,1.909561421,3.566858211,3.324062105,3.365796632,3.257104316,4.758957947,3.936273158,36,3.566858211,3.324062105,1.806078316,4.585195737,31.96928926,141.7882482,4.799817476,5.124462369,9.482999802
10,1000,Brazil,2012,2.801857278,5.619595309,4.450952993,3.005410336,3.769794503,5.390267436,5.082924636,40.65,5.619595309,4.450952993,3.092769584,6.181483985,33.58753805,104.1024405,5.666328608,5.454139864,12.54399967
3,106,Chile,2012,3.1055696,5.865252306,5.366563581,3.356949445,4.810286181,5.970957913,5.184250325,45,5.865252306,5.366563581,3.591282283,6.512041472,38.70332144,116.0021265,4.157145542,4.917449856,7.22300005
1,17,Colombia,2012,2.88268274,4.630634839,4.021310827,3.680464287,4.08770626,4.807618722,4.812826458,36.5,4.630634839,4.021310827,3.209014837,5.620493064,26.92600487,93.75846004,4.564025784,4.670301443,9.093000412
2,5,Mexico,2012,2.455336474,4.59560799,3.943287175,3.116603893,3.826804096,5.164314603,5.161852692,31,4.59560799,3.943287175,2.443549054,5.627586042,34.77475562,80.55043081,5.447977003,5.868931443,3.322000027
0,1000,Bolivia,2012,2.8896306,3.544771831,3.715840065,3.154835426,3.150645421,3.684213759,3.565875619,20,3.544771831,3.715840065,2.85656436,4.433378219,-2.773178293,72.30012259,3.018689894,3.816085951,2.048000097
0,1000,Ecuador,2012,2.239600812,3.622316918,3.978359388,3.362343528,3.247595008,4.397644037,3.619393919,24,3.622316918,3.978359388,2.451118361,4.670834987,8.701032312,102.1845607,3.683647592,4.293424469,3.234999895
0,1000,Guyana,2012,2.379849894,3.843117541,4.366152365,3.800906603,3.396335265,4.657844141,4.018753653,29.9,3.843117541,4.366152365,2.330228259,5.678402665,9.414223891,73.61194869,1.677496056,2.64628953,11.93299961
0,1000,Paraguay,2012,2.582074161,4.556169828,4.505690237,2.456165026,2.347805998,4.305649425,3.794131,23.6,4.556169828,4.505690237,3.163953084,5.54816002,-0.5236923197,91.63633147,2.937998041,3.547707608,4.085000038
0,1000,Peru,2012,3.014211384,4.877056906,5.255521433,3.382990939,3.914039367,5.136880956,5.004531218,34.3,4.877056906,5.255521433,3.649906259,6.212343128,26.58609641,100.1328805,4.221251175,4.705053627,3.108999968
0,1000,Suriname,2012,1.920467,3.16008,3.802924,3.41452525,2.549314,4.449628,3.612205,31.59,3.16008,3.802924,2.324253,5.543226,13.00697233,169.6414276,1.279274244,2.714464003,8.100000381
2,1000,Uruguay,2012,2.534635905,4.312607875,4.289463129,4.399917674,6.160821903,5.088948275,5.494707112,43.35,4.312607875,4.289463129,2.684930168,5.687912935,24.20137458,131.7138578,3.0440189,3.545883003,6.451000214
0,1000,Venezuela,2012,2.115645554,3.504988658,3.799633947,3.35404434,3.380215007,4.543005875,3.714524583,35.63,3.504988658,3.799633947,2.27712399,4.103650378,21.2598068,96.20449128,4.35309493,4.776735069,6.600999832
3,85,Argentina,2011,1.897883205,3.366384,3.24194,3.281825717,2.981205246,4.709434459,3.948938721,30.39995455,3.366384,3.24194,1.719086048,4.095255396,29.87412472,128.8373108,4.755679015,5.114248821,7.714000225
16,271,Brazil,2011,2.610181793,5.571288,4.479712,3.122279468,3.750485432,5.482373709,5.188665714,38.71291592,5.571288,4.479712,2.82474866,6.235448095,34.33782787,89.79299164,5.641115087,5.493259295,7.725999832
1,207,Chile,2011,3.162934617,5.838193,5.516477,3.186683965,4.699632326,6.0491065,5.211137396,33.98356089,5.838193,5.516477,3.654160096,6.485665448,37.36964357,96.93556976,4.138437936,4.927219408,8.423999786
2,133,Colombia,2011,2.541103512,4.923622,4.268952,3.47111713,3.507033134,4.650417519,4.884059345,45.52989695,4.923622,4.268952,2.859060147,5.679176662,28.52612823,92.33438873,4.561266099,4.710322197,10.98400021
3,120,Mexico,2011,2.251015237,4.326288,3.550495,2.880032197,3.458029316,4.936022102,5.03963926,25.94584591,4.326288,3.550495,2.355445702,5.54392634,29.2726518,76.20458221,5.43297862,5.865217643,5.302999973
0,1000,Bolivia,2011,2.442313052,3.931958,4.085701,2.952930268,2.635179027,3.773080709,3.425211031,11.1782992,3.931958,4.085701,2.260938433,5.040192386,-6.48583653,72.47796631,3.00471105,3.875787291,2.219000101
0,1000,Ecuador,2011,2.000633813,3.448392,3.771213,3.092620338,3.023440658,4.285038276,3.559298743,15.06155308,3.448392,3.771213,2.276484311,4.908906937,3.201272238,100.0711823,3.669990409,4.241539667,3.457999945
0,1000,Guyana,2011,2.192939564,3.772594,4.178881,3.666345999,3.035586113,4.283973354,3.946840772,28.8525347,3.772594,4.178881,2.365037304,5.350428215,7.65386838,69,1.681629553,2.777629916,11.74300003
0,1000,Paraguay,2011,2.304209234,4.44293,4.451445,2.250301693,1.974354988,4.179426325,3.566295809,15.7507178,4.44293,4.451445,2.694951345,5.270434743,-2.258653925,88.49759674,2.765591794,3.698873553,4.669000149
0,1000,Peru,2011,2.947459674,4.982491,5.482826,3.423768004,3.942423171,5.059835354,4.988724763,27.72120746,4.982491,5.482826,3.3289835,6.029485277,24.80336873,84.69213104,4.190725876,4.652907355,3.441999912
0,1000,Suriname,2011,2.549379796,4.066480296,4.087595489,3.341147559,3.46311452,4.332340569,4.248795022,33.62109834,4.026271809,4.100248466,2.774450389,5.187759864,20.77789314,95.92082748,3.695647953,4.405482268,7.539999962
0,1000,Uruguay,2011,2.479134247,4.293709,4.293115,4.360189787,5.548969939,5.022257978,5.391874042,55.19430478,4.293709,4.293115,2.708086637,5.445550096,25.05741871,113.1260071,3.024231483,3.645073265,6.30700016
0,1000,Venezuela,2011,1.964153319,3.496837,3.858322,3.234886485,3.082049816,4.315873184,3.741079973,30.94994131,3.496837,3.858322,2.127785973,3.990190384,20.86338942,98.39138794,4.455422524,4.688270267,6.90199995
2,11,Argentina,2010,2.131687013,4.20162357,4.100914611,3.13220122,3.011554956,4.41323541,4.099274039,28.07662964,4.21356595,4.249848393,2.005931275,4.186022592,44.67420992,116.4637833,4.735389863,5.270530488,8.645000458
6,219,Brazil,2010,2.726829985,4.983302093,4.681231795,3.007477055,3.655066871,5.293157078,5.301884141,35.20000076,4.604125351,4.785643184,3.040690617,6.29089256,41.26395467,77.55905914,5.613040349,5.674106512,8.522000313
0,1000,Chile,2010,3.471015908,4.934348385,4.878247334,2.966309375,4.64350613,5.75289576,5.353454452,32.47349548,4.742264701,4.973945135,3.872173634,6.478967834,36.79444509,88.05947876,4.145974376,5.138578173,11.31299973
1,532,Colombia,2010,2.6280437,4.189496081,4.01361745,3.49531391,3.290592958,4.223709734,4.712359146,36.62086868,4.522777785,4.216603679,3.082642885,5.43296173,28.38407432,88.49760437,4.535972812,4.90520855,12.06599998
3,86,Mexico,2010,2.387826515,5.377332941,4.468432568,2.802925023,3.406521028,4.579864372,5.038724766,21.57708549,3.949337235,4.010074046,2.697158717,5.663691113,22.56323278,69.85410309,5.459790475,5.917614082,5.355999947
0,1000,Bolivia,2010,2.487871152,3.468902509,3.76222702,2.832744067,2.453060941,3.308190245,3.344652586,10.49916267,3.428420742,3.883747314,2.123445955,5.200956034,-3.856784436,49.82344818,2.958627054,4.103511361,2.576999903
0,1000,Ecuador,2010,2.166178231,3.448432517,3.88533304,2.939203493,2.834177635,3.655944543,3.831251479,9.714320183,3.345640786,3.800370335,2.351211641,4.874634467,9.187840031,86.00936127,3.640645374,4.564551999,4.087999821
0,1000,Guyana,2010,2.277647788,3.681254675,4.090244299,3.395493815,2.500977823,4.011755139,4.070305799,25.74850273,3.634656669,4.25467701,2.44520108,5.568615056,14.61134411,94.88271057,1.367576618,3.000730197,11.65699959
0,1000,Paraguay,2010,1.972164331,3.515741086,4.170002286,2.104723801,1.607655543,3.762525025,3.752305291,8.654605865,3.437216387,4.06047252,2.443308622,5.212146074,5.266649813,92.82478333,2.764150625,4.040298618,4.568999767
0,1000,Peru,2010,3.021881676,4.43460753,4.565850863,3.069441967,3.460897369,4.235800038,5.201017083,25.25857925,4.344223425,4.700769228,3.403081066,5.926423916,21.52949487,74.24069977,4.178437267,4.864766122,3.477999926
0,1000,Suriname,2010,2.549379796,4.049361226,4.091623169,3.341147559,3.46311452,4.319424318,4.245819979,33.62109834,4.012515738,4.110905742,2.786931247,5.187759864,20.49908681,96.13111515,3.693039898,4.409936755,7.150000095
0,1000,Uruguay,2010,2.381859063,3.797115531,4.08830938,4.047633015,4.495224121,4.598575468,5.315757491,39.99457932,3.813926411,4.158920484,2.549587482,5.218063152,24.62479832,104.6967392,3.005895715,3.89357409,7.157999992
0,1000,Venezuela,2010,2.234879338,3.644616149,3.675383731,3.233044866,3.032401113,3.892005013,3.788171038,25.48700142,3.545329482,3.654257489,2.36944105,4.5698787,24.57104951,96.30944061,4.352750563,5.160007992,8.449999809
1,230,Argentina,2009,2.425062928,4.272851522,4.476557958,2.891741923,2.817020209,3.882144399,4.152070924,20.91172028,4.277962686,4.098671394,2.297070416,4.192634114,40.90700837,80.51860046,4.676357921,5.040768253,7.836999893
1,101,Brazil,2009,2.865376333,4.435501389,4.576897066,2.701404216,3.386191864,4.831951056,5.156098473,22.55366898,4.192939793,4.074635459,3.196004958,6.357851852,38.51921008,52.89979935,5.561175743,5.470870094,7.342999935
0,1000,Chile,2009,3.744064267,4.849324144,4.626864053,3.205539841,4.451865572,5.209185279,5.290996195,25.23819733,4.359831064,4.691466743,4.205929632,6.514449387,23.83131346,75.6179657,4.03998329,4.935735473,9.284999847
0,1000,Colombia,2009,2.954074367,5.319385895,4.725173549,3.696203109,3.205539635,3.695432625,4.625634017,14.48808765,4.638888847,4.115790865,3.447383685,5.476450933,11.04810393,64.31093597,4.380761837,4.650660004,11.27299976
0,152,Mexico,2009,2.532854563,4.125816841,3.672902049,2.809239338,3.248088609,3.965111305,4.975412018,18.98351669,4.784867191,4.302834617,2.756042318,5.802274724,27.23887339,52.63362503,5.370250052,5.811944116,3.874000072
0,1000,Bolivia,2009,2.362027174,3.350912931,3.777986401,2.554436095,1.902775856,2.690154304,3.634786539,6.200688362,3.298803942,3.864632126,2.246013533,5.175834394,-7.627567662,30.7483902,2.864241574,3.722737127,2.862999916
0,1000,Ecuador,2009,1.991402505,3.253736573,3.583056206,2.721118428,2.276003443,2.941571556,3.709839825,11.54367828,3.196117545,3.488165678,2.078499498,4.578801607,1.033347785,63.23349762,3.615406685,4.081147682,4.607999802
0,1000,Guyana,2009,2.333065165,3.912542551,4.240577489,3.189025718,2.250460372,3.757321254,4.166978329,23.2743721,3.875156384,4.340963603,2.589934765,5.876193351,1.058045909,37.45490646,1.399524394,2.578138828,11.39900017
0,1000,Paraguay,2009,2.099779594,3.430939362,4.123292286,2.153056638,1.537637173,3.055002148,3.819658595,4.126460075,3.32340116,4.027226149,2.583442003,5.235830685,0.8951095852,51.30843735,2.718868616,3.767480647,5.460000038
0,1000,Peru,2009,3.224925446,4.449298597,4.568139637,2.865025965,2.932368892,3.555729496,5.133569646,22.89490318,4.350138774,4.776056936,3.620859488,6.048717098,15.73613737,30.90930748,4.053541532,4.598588455,3.900000095
0,1000,Suriname,2009,2.549379796,4.118276486,4.075409167,3.341147559,3.46311452,4.371420528,4.25779644,33.62109834,4.067892767,4.068003353,2.736687772,5.187759864,21.62146151,95.28457207,3.703538996,4.392004579,8.720000267
0,1000,Uruguay,2009,2.443570893,3.946828617,3.99178578,3.751019416,3.415684623,4.319573125,5.089523381,24.38915825,3.932539212,4.005282934,2.43136747,5.027571287,5.091777024,66.82951355,2.886697414,3.486317416,7.739999771
0,1000,Venezuela,2009,2.670088178,4.12117942,4.0727591,3.220207057,2.980421243,3.922246603,4.031417377,14.51735687,3.956536041,4.011402314,2.965358442,5.030257064,15.8583416,69.03729248,4.352597003,4.893591287,8.050000191